{
    "KPackageStructure": "Plasma/Theme",
    "KPlugin": {
        "Authors": [
            {
                "Email": "rkstrdee@gmail.com",
                "Name": "Dharam Dhurandhar"
            }
        ],
        "Category": "Plasma Theme",
        "ServiceTypes": [
            "Plasma/Theme"
        ],
        "EnabledByDefault": true,
        "Name": "Iridiscent round",
        "Description": "A rounded theme for Plasma with transparency and blur that follows all color scheme",
        "Id": "Iridiscent-round",
        "Version": "2.1",
        "License": "GPL-2.0+",
        "X-KPackage-Dependencies": [
        ]
    }
}
